{
  "train": {
    "mse": 6.273368288932428e-05,
    "rmse": 0.00792045976502149,
    "mae": 0.004377979240175748,
    "r2": 0.9855122894258582,
    "directional_accuracy": 0.8437939409433721,
    "n_samples": 7823
  },
  "val": {
    "mse": 7.214120439605465e-05,
    "rmse": 0.008493597847558751,
    "mae": 0.005849611753292359,
    "r2": 0.9219908513406946,
    "directional_accuracy": 0.7493670886075949,
    "n_samples": 1975
  },
  "test": {
    "mse": 0.0001176883299288251,
    "rmse": 0.010848425228060758,
    "mae": 0.005918015209685521,
    "r2": 0.7307849604718611,
    "directional_accuracy": 0.746095717884131,
    "n_samples": 1985
  },
  "best_params": {
    "learning_rate": 0.019748996941409486,
    "max_depth": 10,
    "n_estimators": 717,
    "subsample": 0.7831711061125685,
    "colsample_bytree": 0.9290725572719674,
    "reg_alpha": 0.20576756765912216,
    "reg_lambda": 1.245148522212632e-05,
    "min_child_weight": 1
  },
  "signal_config": {
    "long_threshold": 0.019,
    "short_threshold": -0.019
  },
  "version_tag": "xgboost_30ft_t70_v15_esp10"
}