{
  "ret1_close": 0.07578263431787491,
  "ret1_lag5": 0.05938669666647911,
  "vol_z20": 0.050974879413843155,
  "close_over_ma20": 0.048214737325906754,
  "close_over_ma5": 0.04355914145708084,
  "close_over_ma10": 0.03949984535574913,
  "slope5_close": 0.033841703087091446,
  "ret1_lag2": 0.03366798907518387,
  "ma5_over_ma20": 0.031670231372117996,
  "rv5_close": 0.03115597367286682,
  "qqq_ret_lag1": 0.029671965166926384,
  "oc_body_pct": 0.02802969515323639,
  "vix_chg_lag1": 0.024087341502308846,
  "month_sin": 0.023296857252717018,
  "ret1_lag1": 0.02286802977323532,
  "dow_sin": 0.021135926246643066,
  "month_cos": 0.020988311618566513,
  "vol_ma_ratio20": 0.02068350464105606,
  "ieur_ret10d_lag1": 0.020275799557566643,
  "dxy_ret_lag1": 0.02025698684155941,
  "qqq_ret10d_lag1": 0.020212527364492416,
  "rv5_over_rv20": 0.019788363948464394,
  "dow": 0.01972782239317894,
  "dow_cos": 0.019485365599393845,
  "upper_shadow_pct": 0.019273333251476288,
  "slope10_close": 0.019172925502061844,
  "ieur_ret_lag1": 0.018837202340364456,
  "ret_accel_3v10": 0.018303006887435913,
  "lower_shadow_pct": 0.01770154759287834,
  "ret3_lag1": 0.01752127893269062,
  "gap_oc_prev_close": 0.017160532996058464,
  "atr14_over_close": 0.016512371599674225,
  "month": 0.015418628230690956,
  "ret1_lag3": 0.015154533088207245,
  "ret5_lag1": 0.01469260174781084,
  "us10y_chg_lag1": 0.014086885377764702,
  "hl_range_close": 0.01361667551100254,
  "rv10_close": 0.012469748966395855,
  "vol_chg1": 0.011816310696303844
}