{
  "close_anchor": 0.787703275680542,
  "atr14_over_close": 0.04238954558968544,
  "hl_range_close": 0.026703741401433945,
  "vol_z20": 0.018365055322647095,
  "gap_oc_prev_close": 0.013067910447716713,
  "month_sin": 0.012760811485350132,
  "ema5_over_ema20": 0.0116298021748662,
  "vol_ma_ratio20": 0.01096280012279749,
  "upper_shadow_pct": 0.0104371951892972,
  "month": 0.008716507814824581,
  "qqq_ret10d_lag1": 0.007043526042252779,
  "rv5_close": 0.006462232209742069,
  "rv10_close": 0.0058493949472904205,
  "month_cos": 0.004673563409596682,
  "vol_chg1": 0.004417662508785725,
  "rv5_over_rv20": 0.004290891345590353,
  "ieur_ret10d_lag1": 0.0038856477476656437,
  "ret10_close": 0.00335202575661242,
  "lower_shadow_pct": 0.0026386911049485207,
  "oc_body_pct": 0.0020276347640901804,
  "slope5_close": 0.0019523476948961616,
  "close_over_ma10": 0.0018164206994697452,
  "us10y_chg_lag1": 0.0013113460736349225,
  "slope10_close": 0.0013086170656606555,
  "close_over_ma5": 0.0010813820408657193,
  "ret1_close": 0.0006344944122247398,
  "dxy_ret_lag1": 0.00047978712245821953,
  "ret3_lag1": 0.0004480262869037688,
  "ret1_lag1": 0.00043946821824647486,
  "ret1_lag3": 0.00041697948472574353,
  "ieur_ret_lag1": 0.0003731682663783431,
  "vix_chg_lag1": 0.0003618275804910809,
  "ret1_lag5": 0.0003542975173331797,
  "ret_accel_3v10": 0.00034184151445515454,
  "ret5_lag1": 0.00030941321165300906,
  "qqq_ret_lag1": 0.0002470764156896621,
  "ret1_lag2": 0.00022427424846682698,
  "dow_sin": 0.00019299318955745548,
  "dow": 0.00018113391706719995,
  "dow_cos": 0.00014713020937051624
}