{
  "train_rmse": [
    1.1104185777993396,
    0.7879142488473833,
    0.5635210390432356,
    0.40961002464048346,
    0.30392813914061884,
    0.2949444828948124,
    0.22977178815708435,
    0.1888511242612356,
    0.16484256187358076,
    0.16335404624743696,
    0.14942340216254413,
    0.1482753281854267,
    0.1467645768032734,
    0.14603550036036286,
    0.13799013911736505,
    0.13723056220766472,
    0.13266816284513186,
    0.1287681761104718,
    0.12822827903976147,
    0.12653221045581406,
    0.12555319665432416,
    0.12510386776031038,
    0.1242390277440731,
    0.1227172357876206,
    0.12197291495812024,
    0.1202357003444539,
    0.11947633687699079,
    0.11905929591541337,
    0.11844305666667425,
    0.11802714321397066,
    0.11759208602535967,
    0.11739430477642072,
    0.11657203247758047,
    0.11644411043567744,
    0.11594718703664914,
    0.11531512077169107,
    0.11476519146087363,
    0.1142284644476126,
    0.11393469986931314,
    0.11368327897050486,
    0.11301109348380474,
    0.11247783476683916,
    0.11226767629377296,
    0.11162283855310641,
    0.11153048194456444,
    0.1114043689122893,
    0.110979164705833,
    0.11050863858727382,
    0.11028950611972937,
    0.10992998710546516,
    0.1096924444910509,
    0.10953802812035109,
    0.10934386241090706,
    0.10922510606935991,
    0.1090344106168105,
    0.10875951805422777,
    0.10838945496075626,
    0.10807882646655058,
    0.10763621249584522,
    0.10741928112524614,
    0.10719866341501544,
    0.10710910569334353,
    0.10696703309949117,
    0.10683331702848922,
    0.10650823890527994,
    0.10624388863847184,
    0.10593069040142389,
    0.10561753838774854,
    0.10536732193044968
  ],
  "val_rmse": [
    1.2493513106449907,
    0.882177862380738,
    0.6272287444881129,
    0.4457440218850812,
    0.3189958448969283,
    0.3088441241550084,
    0.22819487782683293,
    0.17286718989794217,
    0.13820028186404418,
    0.1359517632948635,
    0.11398840595852641,
    0.11387443910389566,
    0.11355384606249944,
    0.1134347285792497,
    0.10129586033350924,
    0.10095928706549731,
    0.09299730775277408,
    0.08761729141399449,
    0.08732191619392546,
    0.0843182736624013,
    0.082896690402034,
    0.08290321505390329,
    0.08186156324916019,
    0.08045725117084886,
    0.07998519955080767,
    0.07986264150927803,
    0.07978750302918547,
    0.07967889488728845,
    0.07965953638351159,
    0.0794387965434959,
    0.07947352128744663,
    0.0793984679305638,
    0.07932625700074389,
    0.07916984782397696,
    0.07924730760011613,
    0.07928939520086685,
    0.0790742509557507,
    0.07894333944376943,
    0.07896166364601218,
    0.07888636150562736,
    0.07900207360980457,
    0.07888762124686172,
    0.07891774243109835,
    0.07878378742219339,
    0.07885145191329646,
    0.0787653778655075,
    0.0789028523292276,
    0.07877233213554902,
    0.07882246121877204,
    0.07870720950891356,
    0.07875320323194807,
    0.07883827093169178,
    0.07880433676588376,
    0.07887629506588086,
    0.07895052150246885,
    0.07906807088939609,
    0.07906578595965484,
    0.0791196311189482,
    0.07856824593799705,
    0.07862420904422053,
    0.0786105083262141,
    0.07864337724801208,
    0.07870843948587318,
    0.07867299819585338,
    0.07856903502711221,
    0.07861933184115587,
    0.07861434815226027,
    0.07872404315006687,
    0.07883642635709028
  ]
}