{
  "train_rmse": [
    1.1140944532593564,
    0.7916406420116148,
    0.5652139189076889,
    0.4076533197744283,
    0.2986488651514854,
    0.28821157705922595,
    0.21761234828213938,
    0.17156370617550062,
    0.14242007865915296,
    0.1397695634105159,
    0.12201186083515078,
    0.12098708752034724,
    0.11986952486015819,
    0.11899041027042702,
    0.10917697405480074,
    0.10833549068201664,
    0.10294769938133004,
    0.09931261923985013,
    0.09844656465532461,
    0.09638340612891008,
    0.09430464075149532,
    0.09391877830547618,
    0.0923050046729177,
    0.09136878747008163,
    0.09054052473981083,
    0.08952678484958425,
    0.08859351982824216,
    0.08759852086099838,
    0.08635803046620018,
    0.08577108352690253,
    0.08535620030730104,
    0.08468117706964867,
    0.08420957184538325,
    0.08367994207140043,
    0.08325345450901833,
    0.08233896664981777,
    0.0818219716408086,
    0.08153822883470078,
    0.0810242353264568,
    0.0807518724310111,
    0.08020729293327136,
    0.07986640116807903,
    0.07931263419392927,
    0.07887177963671836,
    0.07857250417784316,
    0.07831592481883898,
    0.07791892495315884,
    0.07745918115739986,
    0.07701477832633727
  ],
  "val_rmse": [
    1.2523396169428056,
    0.8884889426984921,
    0.6300367079122524,
    0.4486218405989345,
    0.3202695107868579,
    0.3092310958703246,
    0.2262020317670776,
    0.16878961674477583,
    0.12999649573875954,
    0.1271980811844101,
    0.10291351952426657,
    0.10156715999700877,
    0.1011280713110513,
    0.10040238891961371,
    0.08679037439341288,
    0.08670266895034177,
    0.07731122321747266,
    0.07221188445232052,
    0.07220155867644194,
    0.0686226066056702,
    0.06618461465530184,
    0.0659977244206719,
    0.06467786934062941,
    0.06393021843019807,
    0.06350020067558419,
    0.06348569757433693,
    0.06267485493050817,
    0.06244100530150543,
    0.06233368993088562,
    0.06225804493183862,
    0.06201803823654526,
    0.06181995460528559,
    0.06193146905119688,
    0.06190387025267926,
    0.06214703379101529,
    0.06175179309192333,
    0.06178223570555037,
    0.06163667897672578,
    0.06138189288971703,
    0.06141588078940505,
    0.06157225848660686,
    0.06154377200067664,
    0.06171662313264401,
    0.0617055081184613,
    0.06183748183803165,
    0.06176377628073204,
    0.06174763102269559,
    0.06182568688379816,
    0.06209216746734824
  ]
}