{
  "train": {
    "mse": 8.580394693838573e-05,
    "rmse": 0.009263041991613,
    "mae": 0.004903787638241878,
    "r2": 0.980168579727447,
    "directional_accuracy": 0.8249584452116098,
    "n_samples": 7821
  },
  "val": {
    "mse": 6.513217885017343e-05,
    "rmse": 0.008070450969442379,
    "mae": 0.005007924627984444,
    "r2": 0.9295699889548071,
    "directional_accuracy": 0.7529113924050633,
    "n_samples": 1975
  },
  "test": {
    "mse": 0.00019190498058964774,
    "rmse": 0.013852977318600062,
    "mae": 0.008136045627968594,
    "r2": 0.5610124897996799,
    "directional_accuracy": 0.7324937027707809,
    "n_samples": 1985
  },
  "best_params": {
    "learning_rate": 0.22678968626980694,
    "max_depth": 5,
    "n_estimators": 531,
    "subsample": 0.6761332499053848,
    "colsample_bytree": 0.8942026788568287,
    "reg_alpha": 9.642539929661423e-06,
    "reg_lambda": 0.026723476345136683,
    "min_child_weight": 10
  },
  "signal_config": {
    "long_threshold": 0.01,
    "short_threshold": -0.01
  },
  "version_tag": "xgboost_7ft_t70_v15_esp10"
}