{"train_rmse": [0.05127636520083653, 0.04019219764452457, 0.03172968514974057, 0.02532042442993861, 0.02058522666862266, 0.01712462652096512, 0.01459590493704096, 0.01286574580032448, 0.01167901906146136, 0.01160091207286253, 0.01082568134186993, 0.01031120156134017, 0.01022250368679959, 0.00985387211403883, 0.00961576792657053, 0.00945908726585101, 0.00936769453952115, 0.00926304194496244, 0.00919573274888654, 0.00913760222833316, 0.00909225833143263, 0.00906387884190224, 0.00902588793852958, 0.0089926366603224, 0.00895297544621011, 0.00892873066663176, 0.00889294124734948, 0.00886238401589969], "val_rmse": [0.03833300256802877, 0.02982446540550573, 0.02347426968167799, 0.01862648109046338, 0.01509701231340379, 0.01254242679163824, 0.01078136973274682, 0.00961422617971123, 0.00898255602881705, 0.00897632433780123, 0.00856698332996838, 0.00830157834098038, 0.00831176437112839, 0.00818387195365824, 0.008097407559919, 0.00807971300117578, 0.00808039153115248, 0.00807045099802691, 0.00808437290224356, 0.00812401071252009, 0.008118094356229, 0.00814159675140829, 0.00813652791004616, 0.00813950717693696, 0.00816277751601511, 0.00816380812298158, 0.00815017698407498, 0.00817965894117173]}