{
  "mean": 0.07235093760321493,
  "std": 0.06580372996014934,
  "min": -0.1125821785386652,
  "max": 0.2849369462254302
}