{
  "mean": 0.0006641473499294758,
  "std": 0.03983160875698736,
  "min": -0.3307084980732244,
  "max": 0.2366899947482638,
  "target_definition": "forward_5d_log_return",
  "target_horizon": 5
}