{
  "train": {
    "mse": 5.5896956378593766e-05,
    "rmse": 0.007476426711912166,
    "mae": 0.0037843221070503466,
    "r2": 0.9870911623757657,
    "directional_accuracy": 0.8623290297839703,
    "n_samples": 7823
  },
  "val": {
    "mse": 7.068672611102734e-05,
    "rmse": 0.00840753983701697,
    "mae": 0.005435957908002994,
    "r2": 0.9235636364599382,
    "directional_accuracy": 0.8040506329113924,
    "n_samples": 1975
  },
  "test": {
    "mse": 0.00016846810524528855,
    "rmse": 0.012979526387557004,
    "mae": 0.00764143953864827,
    "r2": 0.6146249365568357,
    "directional_accuracy": 0.7586901763224181,
    "n_samples": 1985
  },
  "best_params": {
    "learning_rate": 0.2104824846227711,
    "max_depth": 10,
    "n_estimators": 236,
    "subsample": 0.5381365260289879,
    "colsample_bytree": 0.9492872172385828,
    "reg_alpha": 0.000533379976519667,
    "reg_lambda": 9.958548068918915,
    "min_child_weight": 8
  },
  "signal_config": {
    "long_threshold": 0.0155,
    "short_threshold": -0.0155
  },
  "version_tag": "xgboost_51ft_t70_v15_esp10"
}