{"train_rmse": [0.05262889441465133, 0.04217746209729496, 0.03392761577226771, 0.02749105594659675, 0.02251091558875731, 0.01865722714605103, 0.01568367603009288, 0.01344868824609003, 0.01177143374482613, 0.0105024798173081, 0.00951705918225457, 0.008867742064675, 0.00836522510835165, 0.00797356729733589, 0.00769670298062877, 0.00747642665170014, 0.00729239870343379, 0.00710665681463204, 0.00693679456357345, 0.00681080530775235, 0.00669317708131497, 0.00658982008335742, 0.0065035730670569, 0.00644438364057052, 0.00636814126371648, 0.00627448084494165], "val_rmse": [0.0392669068130602, 0.03110832976600677, 0.02472930099773646, 0.01987154200551437, 0.01625366585661384, 0.01356752584961718, 0.01172042062506307, 0.01035217671093843, 0.00951301608925331, 0.00898712825335229, 0.00871265717039471, 0.00855790728081533, 0.00847291334695428, 0.00843026145741017, 0.00843038145604593, 0.00840753982660221, 0.00845110981677848, 0.00845569174461693, 0.0084931955095346, 0.00851329698810629, 0.00852734678834469, 0.00852504137839297, 0.00853570446373996, 0.00853038008647467, 0.00854685609192971, 0.00854051345024183]}