{
  "train_rmse": [
    0.03333206053779581,
    0.03307687402530041,
    0.03279077664702191,
    0.03264251495928664,
    0.03242499668684899,
    0.0322385149548744,
    0.03212135453256137,
    0.0319033602641769,
    0.03160797733253565,
    0.0314506966095937,
    0.03128305704553536,
    0.03110416112844364,
    0.03093543398104611
  ],
  "val_rmse": [
    0.02350704724671927,
    0.0234707246268459,
    0.02346536583408764,
    0.02347422527984227,
    0.02347776428680251,
    0.02348407393322952,
    0.02349923831530992,
    0.02351131656687661,
    0.02355420994253569,
    0.02355073964582683,
    0.02358846079456116,
    0.02361300191434673,
    0.02364939727297812
  ]
}