{
  "train_rmse": [
    0.02196923824175967,
    0.02193196222263328,
    0.02190538580468806,
    0.02188020880019565,
    0.02185450720577248,
    0.02182632592104526,
    0.02179993098000994,
    0.02177547795893085,
    0.02176070036293129,
    0.02173943652339351,
    0.02169928789728355,
    0.02167643775281958,
    0.0216564915460818,
    0.02163296381579324,
    0.02161472414078568,
    0.02159447460281735,
    0.02157611108567497,
    0.02156336285052394,
    0.02154515028443214,
    0.02153078313896995,
    0.02151156328657199,
    0.02149863874419673,
    0.02148291691627455,
    0.02146761118754264
  ],
  "val_rmse": [
    0.0136498296339499,
    0.01364465466947048,
    0.01363790338523489,
    0.01363411745870315,
    0.01363395580130182,
    0.01362814658903917,
    0.01362765968279387,
    0.01362582360098645,
    0.01362405910248485,
    0.01362193426962359,
    0.0136171025393812,
    0.01361607535757608,
    0.0136125362968576,
    0.0136116201308714,
    0.01361679259665484,
    0.01362144540765553,
    0.01362786029486145,
    0.01362696666642402,
    0.01363443480941421,
    0.01363780943730757,
    0.01363831981001548,
    0.01363665905381895,
    0.01364181993343635,
    0.01364362405741085
  ]
}