{
  "train_rmse": [
    0.04154516174918115,
    0.04148110511652484,
    0.04144327913246719,
    0.04139297385477103,
    0.04133707639643396,
    0.04130448100841504,
    0.04125856534109169,
    0.0412092481109494,
    0.04117925282300825,
    0.04112999039791667,
    0.04108307464587217,
    0.04104293813772456,
    0.04098940599213918,
    0.04094707599197736,
    0.04090011527071578,
    0.04086574761722348,
    0.04082519038931308,
    0.04079009349382461,
    0.04074467345747756,
    0.040685824571459,
    0.04065137904914779,
    0.04062272518717069,
    0.04059986638615499,
    0.04057307351654312,
    0.04052657498737157,
    0.04048072994233525,
    0.04043826984047096,
    0.04038989756526214,
    0.04033840453938598,
    0.04031906810391805,
    0.04028341827881782,
    0.04021685306616039
  ],
  "val_rmse": [
    0.03059625343516702,
    0.03059227233323104,
    0.03058177664611518,
    0.03057280263892399,
    0.03057555609770068,
    0.03056847886820728,
    0.03056716297259151,
    0.03057713995043957,
    0.03056255805708423,
    0.03055461448596362,
    0.03054582505637994,
    0.03053684498427579,
    0.03053273248291308,
    0.03053296166744501,
    0.03053287867651348,
    0.03053532069153502,
    0.03052930210596107,
    0.03052205185652608,
    0.03051353476437198,
    0.0305146094690386,
    0.03051430306650428,
    0.03051089112387564,
    0.03051423309335309,
    0.03051568185787854,
    0.03051952359589713,
    0.03052040980664787,
    0.03053368440427877,
    0.03053824149980043,
    0.03054703648135888,
    0.03054865454426509,
    0.03054428708028864,
    0.03054756666196366
  ]
}