{
  "model_name": "dashboard",
  "horizons": [
    "y_close_1d",
    "y_close_3d",
    "y_close_5d"
  ],
  "best_params": {
    "y_close_1d": {
      "max_depth": 4,
      "learning_rate": 0.29896656544757283,
      "subsample": 0.9997026964080232,
      "colsample_bytree": 0.8834398856116025,
      "min_child_weight": 13,
      "reg_alpha": 3.408706972511113e-08,
      "reg_lambda": 9.290116464148065,
      "gamma": 1.6728493279225207e-07,
      "n_estimators": 1000
    },
    "y_close_3d": {
      "max_depth": 5,
      "learning_rate": 0.2938653368034747,
      "subsample": 0.9436727621859028,
      "colsample_bytree": 0.9987349142404867,
      "min_child_weight": 1,
      "reg_alpha": 0.0013463230480902167,
      "reg_lambda": 0.361848728595968,
      "gamma": 2.1498064291418197e-08,
      "n_estimators": 1000
    },
    "y_close_5d": {
      "max_depth": 4,
      "learning_rate": 0.29916915704584085,
      "subsample": 0.8803920063378494,
      "colsample_bytree": 0.9181208793875194,
      "min_child_weight": 7,
      "reg_alpha": 7.149480380722052e-06,
      "reg_lambda": 0.5883478949766225,
      "gamma": 5.199627587680317e-06,
      "n_estimators": 1000
    }
  },
  "best_iterations": {
    "y_close_1d": 156,
    "y_close_3d": 38,
    "y_close_5d": 58
  },
  "val_metrics": {
    "y_close_1d": 0.001420397182442191,
    "y_close_3d": 0.0037677367708420562,
    "y_close_5d": 0.006172969269643522
  },
  "n_features": 6
}